<?xml version='1.0' encoding="utf-8"?>
<toc version="2.0">
    <tocitem target="html/toolbox.html">My Toolbox
        <tocitem target="html/funclist.html" image="HelpIcon.FUNCTION">Functions 
            <tocitem target="html/rrt.html">rrt</tocitem>
            <tocitem target="html/rrt_star.html">rrt_star</tocitem>
            <tocitem target="html/rrt_star_fn.html">rrt_star_fn</tocitem>
        </tocitem>
        <tocitem target="html/examples.html" 
                 image="HelpIcon.EXAMPLES">Examples
				 <tocitem target="html/twodim_rrt_example.html">RRT for 2D mobile robot</tocitem>
                 <tocitem target="html/redundant_rrt_example.html">RRT for Planar redundant manipulator</tocitem>
                 <tocitem target="html/twodim_rrt_star_example.html">RRT* for 2D mobile robot</tocitem>
                 <tocitem target="html/redundant_rrt_star_example.html">RRT* for Planar redundant manipulator</tocitem>
                 <tocitem target="html/twodim_rrt_star_fn_example.html">RRT*FN for 2D mobile robot</tocitem>
                 <tocitem target="html/redundant_rrt_star_fn_example.html">RRT*FN for Planar redundant manipulator</tocitem>
                 <tocitem target="html/how_to_create.html">HOWTO create new model (class)</tocitem>
        </tocitem>
    </tocitem>
</toc>
